Empresa;Trabajo;Fecha;Piloto;Equipo_de_vuelo;Pitch;Hora_de_inicio;Hora_final;PB;Vuelo;Desplazado;Vel_vuelo;Alt_vuelo;Vel_de_aire;Temp_aire;Nubes;Radiacion;Tiempo_vuelo;Dist_Recorrida;Set_Bat_1;Set_Bat_2;Set_Bat_3;Volt_inicial;Volt_final;GB1/;GB2/;Anotaciones;Termica;RGB;Cali_Ini;Cali_Final;Tipologia;Vuelo_abortado
Metka;Talasol;2021:12:16;Alberto;AT4-01;9;09:31:00;09:31:05;1;1;1 E;4;33;De 5 a 10;25-30;2;>700;;;aaa;;;25;24;;;Hemos añadido térmica al csv;1;1;0;0;Seguidores N-S;0
metka;talasol;2021:12:16;Alberto;AT4-05;9;09:37:54;09:37:56;1;1;1 E;3.5;33;;;;;;;aaa;;;25;;;;teuyeruyuru;1;1;0;0;Seguidores N-S;0
ingeteam;cabrita;2021:12:16;Alberto;AT4-05;9;09:38:22;09:38:24;1;1;0.5 E;3.5;33;;;;;;;aaa;;;25;;;;twgfgrtr;1;1;0;0;Seguidores N-S;0
aaa;aaa;2021:12:16;Oscar;AT4-05;9;14:58:45;14:58:47;1;1;2 E;4.5;33;;;;;;;aaa;;;25;;;;aaaa;1;1;0;0;Seguidores N-S;0
aaa;aaa;2021:12:16;Alberto;AT4-01;9;14:59:32;14:59:32;1;1;2 E;4;33;;;;;;;aaa;;;25;;;;bbbb;1;1;0;0;Seguidores N-S;0
ewwff;fwfwwf;2021:12:16;Alberto;AT4-01;9;15:02:33;15:02:43;1;1;1 E;3.5;33;;;;;;;aaa;;;25;;;;rrrr;1;1;0;0;Seguidores N-S;0
Aerotools;aaa;2021:12:16;Alberto Cristóbal;AT4-05;9;18:12:46;18:12:52;1;1;1 E;4;33;;;;;;;aaa;;;25;;;;Prueba empresas;1;1;0;0;Seguidores N-S;0
Aerotools;vdsfvbd;2021:12:16;Oscar Álvarez;AT6-01;9;18:17:56;18:17:58;1;1;1 E;4;33;;;;;;;aaa;;;25;;;;dqwefqwrfweqrf;1;1;0;0;Seguidores N-S;0
Aerotools;aaa;2021:12:16;Alberto Cristóbal;AT4-01;9;18:19:04;18:19:07;1;1;1 E;4.5;33;;;;;;;aaa;;;25;;;;erqqwrewwe4t;1;1;0;0;Seguidores N-S;0
Aerotools;cav;2021:12:16;Alberto Cristóbal;AT4-01;9;18:21:14;18:21:16;2;2;1 E;3.5;33;;;;;;;aaa;;;25;;;;vefsgbrththrrt;1;1;0;0;Seguidores N-S;0
Aerotools;dasfvdg;2021:12:16;Oscar Álvarez;AT4-05;9;18:32:50;18:32:52;1;1;1 E;4.5;33;;;;;;;aaa;;;25;;;;fwerrgtweghwthgteg;1;1;0;0;Seguidores N-S;0
Aerotools;dasfvdg;2021:12:16;Oscar Álvarez;AT4-05;9;18:32:50;18:32:52;1;1;1 E;4.5;33;;;;;;;aaa;;;25;;;;fwerrgtweghwthgteg;1;1;0;0;Seguidores N-S;0
Aerotools;csadfraf;2021:12:16;Oscar Álvarez;AT4-05;9;18:40:54;18:40:56;1;1;1 E;3.5;33;;;;;;;aaa;;;25;;;;sdhwrhtrhsyerhjyetj;1;1;0;0;Seguidores N-S;0
Aerotools;cawfgf;2021:12:16;Oscar Álvarez;AT4-01;9;18:42:21;18:42:23;1;1;1 E;4.5;33;;;;;;;xddasd;;;25;;;;gtwgtghreh;1;1;0;0;Seguidores N-S;0
Aerotools;casdgerg;2021:12:16;Oscar Álvarez;AT4-01;9;18:43:55;18:43:57;1;1;2 E;3.5;33;;;;;;;cwefewa;;;25;;;;fewragfrewgewrg;1;1;0;0;Seguidores N-S;0
Indra;csfdgreger;2021:12:16;Alberto Cristóbal;AT4-01;9;18:44:29;18:44:32;1;1;2 E;3.5;33;;;;;;;dweaf;;;25;;;;frewgtrghtr;1;1;0;0;Seguidores N-S;0
Aerotools;caegf;2021:12:16;Oscar Álvarez;AT4-01;9;18:48:09;18:48:11;1;1;1 E;3.5;33;;;;;;;ferwgtr;;;25;;;;gdrhtyeyutyhu;1;1;0;0;Seguidores N-S;0
Aerotools;vsdbgf;2021:12:16;Alberto Cristóbal;AT4-05;9;18:50:34;18:50:36;1;1;1 N;3.5;33;;;;;;;cdsfvesr;;;25;;;;frewgewgetwgewtg;1;1;0;0;Fijo;0
fergfre;vsdgst;2021:12:16;Oscar Álvarez;AT6-01;9;19:04:53;19:04:55;1;1;1 E;3.5;33;;;;;;;ferfr;;;25;;;;t5w4ysheshdty;1;1;0;0;Seguidores N-S;0
Indra;cfwae;2021:12:16;Alberto Cristóbal;AT4-01;9;19:06:35;19:06:37;1;1;1 E;3.5;33;;;;;;;fwfwer;;;25;;;;grthyryeyr;1;1;0;0;Seguidores N-S;0
Indra;csadgferg;2021:12:16;Alberto Cristóbal;AT4-05;9;19:09:38;19:09:40;1;1;0.5 E;3.5;33;;;;;;;rgfrer;;;25;;;;gewtgtsrgtrgh;1;1;0;0;Seguidores N-S;0
Netflix;brstt;2021:12:16;Alberto Cristóbal;AT4-05;9;19:10:11;19:10:13;1;1;2 E;3.5;33;;;;;;;saaa;;;25;;;;;1;1;0;0;Seguidores N-S;0
